,BAA,BOPGSTB,BUSINV,CES0500000003,CFNAI,CIVPART,CPIAUCSL,CSUSHPINSA,DCOILWTICO,DGORDER,DGS10,FEDFUNDS,GDP,GDPC1,HOUST,ICSA,INDPRO,M2SL,MORTGAGE30US,MTSDS133FMS,PAYEMS,PCEPI,PERMIT,PI,PPIACO,RSXFS,SP500,SRVPRD,T10Y2Y,TB3MS,TCU,TEDRATE,UMCSENT,UNRATE,USSLIND,VIXCLS,CEG_Close,BAA_lag1,BAA_lag3,BAA_lag6,BOPGSTB_lag1,BOPGSTB_lag3,BOPGSTB_lag6,BUSINV_lag1,BUSINV_lag3,BUSINV_lag6,CES0500000003_lag1,CES0500000003_lag3,CES0500000003_lag6,CFNAI_lag1,CFNAI_lag3,CFNAI_lag6,CIVPART_lag1,CIVPART_lag3,CIVPART_lag6,CPIAUCSL_lag1,CPIAUCSL_lag3,CPIAUCSL_lag6,CSUSHPINSA_lag1,CSUSHPINSA_lag3,CSUSHPINSA_lag6,DCOILWTICO_lag1,DCOILWTICO_lag3,DCOILWTICO_lag6,DGORDER_lag1,DGORDER_lag3,DGORDER_lag6,DGS10_lag1,DGS10_lag3,DGS10_lag6,FEDFUNDS_lag1,FEDFUNDS_lag3,FEDFUNDS_lag6,GDP_lag1,GDP_lag3,GDP_lag6,GDPC1_lag1,GDPC1_lag3,GDPC1_lag6,HOUST_lag1,HOUST_lag3,HOUST_lag6,ICSA_lag1,ICSA_lag3,ICSA_lag6,INDPRO_lag1,INDPRO_lag3,INDPRO_lag6,M2SL_lag1,M2SL_lag3,M2SL_lag6,MORTGAGE30US_lag1,MORTGAGE30US_lag3,MORTGAGE30US_lag6,MTSDS133FMS_lag1,MTSDS133FMS_lag3,MTSDS133FMS_lag6,PAYEMS_lag1,PAYEMS_lag3,PAYEMS_lag6,PCEPI_lag1,PCEPI_lag3,PCEPI_lag6,PERMIT_lag1,PERMIT_lag3,PERMIT_lag6,PI_lag1,PI_lag3,PI_lag6,PPIACO_lag1,PPIACO_lag3,PPIACO_lag6,RSXFS_lag1,RSXFS_lag3,RSXFS_lag6,SP500_lag1,SP500_lag3,SP500_lag6,SRVPRD_lag1,SRVPRD_lag3,SRVPRD_lag6,T10Y2Y_lag1,T10Y2Y_lag3,T10Y2Y_lag6,TB3MS_lag1,TB3MS_lag3,TB3MS_lag6,TCU_lag1,TCU_lag3,TCU_lag6,TEDRATE_lag1,TEDRATE_lag3,TEDRATE_lag6,UMCSENT_lag1,UMCSENT_lag3,UMCSENT_lag6,UNRATE_lag1,UNRATE_lag3,UNRATE_lag6,USSLIND_lag1,USSLIND_lag3,USSLIND_lag6,VIXCLS_lag1,VIXCLS_lag3,VIXCLS_lag6,CEG_Close_lag1,CEG_Close_lag3,CEG_Close_lag6,CEG_Close_ma3,CEG_Close_ma12
2022-01-01,3.58,-87746.75,2257275.090909091,31.602,0.238095238095238,62.2,282.366,281.98272000000003,83.22200000000001,274613.14285714284,1.764,0.08,24689.79883333333,20460.290166666666,1670.1666666666667,222295.3483648182,102.31804444444444,21603.628571428573,3.4450000000000003,118698.85824166,149870.0,117.724,1889.6,21169.225,245.7436,575542.5555555555,4573.8155,129141.0,0.7835,0.15,78.10397777777777,0.113076923076923,67.2,4.0,1.72,23.181,46.52,3.58,3.58,3.58,-87746.75,-87746.75,-87746.75,2257275.090909091,2257275.090909091,2257275.090909091,31.602,31.602,31.602,0.238095238095238,0.238095238095238,0.238095238095238,62.2,62.2,62.2,282.366,282.366,282.366,281.98272000000003,281.98272000000003,281.98272000000003,83.22200000000001,83.22200000000001,83.22200000000001,274613.14285714284,274613.14285714284,274613.14285714284,1.764,1.764,1.764,0.08,0.08,0.08,24689.79883333333,24689.79883333333,24689.79883333333,20460.290166666666,20460.290166666666,20460.290166666666,1670.1666666666667,1670.1666666666667,1670.1666666666667,222295.3483648182,222295.3483648182,222295.3483648182,102.31804444444444,102.31804444444444,102.31804444444444,21603.628571428573,21603.628571428573,21603.628571428573,3.4450000000000003,3.4450000000000003,3.4450000000000003,118698.85824166,118698.85824166,118698.85824166,149870.0,149870.0,149870.0,117.724,117.724,117.724,1889.6,1889.6,1889.6,21169.225,21169.225,21169.225,245.7436,245.7436,245.7436,575542.5555555555,575542.5555555555,575542.5555555555,4573.8155,4573.8155,4573.8155,129141.0,129141.0,129141.0,0.7835,0.7835,0.7835,0.15,0.15,0.15,78.10397777777777,78.10397777777777,78.10397777777777,0.113076923076923,0.113076923076923,0.113076923076923,67.2,67.2,67.2,4.0,4.0,4.0,1.72,1.72,1.72,23.181,23.181,23.181,46.52,46.52,46.52,48.5923,67.93425833333333
2022-02-01,3.97,-87934.875,2301279.4444444445,31.624,0.5442105263157895,62.25,284.463,287.22288888888886,91.64105263157894,270259.0,1.8122097378277155,0.08,24689.79883333333,20460.290166666666,1769.4,218521.7391304348,102.97712222222223,21640.84,3.7625,-216589.75205605,150685.33333333334,118.15371428571429,1848.3333333333333,21318.342857142856,252.761,579341.6666666666,4462.5148,129827.5,0.4989473684210526,0.33,78.80043333333334,0.113076923076923,62.8,3.8,1.72,24.8392,44.5623,3.58,3.58,3.58,-87746.75,-87746.75,-87746.75,2257275.090909091,2257275.090909091,2257275.090909091,31.602,31.602,31.602,0.238095238095238,0.238095238095238,0.238095238095238,62.2,62.2,62.2,282.366,282.366,282.366,281.98272000000003,281.98272000000003,281.98272000000003,83.22200000000001,83.22200000000001,83.22200000000001,274613.14285714284,274613.14285714284,274613.14285714284,1.764,1.764,1.764,0.08,0.08,0.08,24689.79883333333,24689.79883333333,24689.79883333333,20460.290166666666,20460.290166666666,20460.290166666666,1670.1666666666667,1670.1666666666667,1670.1666666666667,222295.3483648182,222295.3483648182,222295.3483648182,102.31804444444444,102.31804444444444,102.31804444444444,21603.628571428573,21603.628571428573,21603.628571428573,3.4450000000000003,3.4450000000000003,3.4450000000000003,118698.85824166,118698.85824166,118698.85824166,149870.0,149870.0,149870.0,117.724,117.724,117.724,1889.6,1889.6,1889.6,21169.225,21169.225,21169.225,245.7436,245.7436,245.7436,575542.5555555555,575542.5555555555,575542.5555555555,4573.8155,4573.8155,4573.8155,129141.0,129141.0,129141.0,0.7835,0.7835,0.7835,0.15,0.15,0.15,78.10397777777777,78.10397777777777,78.10397777777777,0.113076923076923,0.113076923076923,0.113076923076923,67.2,67.2,67.2,4.0,4.0,4.0,1.72,1.72,1.72,23.181,23.181,23.181,46.52,46.52,46.52,48.5923,67.93425833333333
2022-03-01,4.29,-105952.14285714286,2354828.875,31.794,0.3155,62.35,287.55,295.00225,108.50260869565216,269101.8571428572,1.729493927125506,0.2,24689.79883333333,20460.290166666666,1725.6,206913.0434782609,103.65833333333332,21727.195652173912,4.172,-192682.38665693,151134.5,118.889,1875.0,21453.83333333333,259.6368,587001.6666666666,4376.085714285714,130187.83333333331,0.2182608695652173,0.44,79.4996,0.113076923076923,59.4,3.65,1.72,28.102857142857143,54.6946,3.97,3.58,3.58,-87934.875,-87746.75,-87746.75,2301279.4444444445,2257275.090909091,2257275.090909091,31.624,31.602,31.602,0.5442105263157895,0.238095238095238,0.238095238095238,62.25,62.2,62.2,284.463,282.366,282.366,287.22288888888886,281.98272000000003,281.98272000000003,91.64105263157894,83.22200000000001,83.22200000000001,270259.0,274613.14285714284,274613.14285714284,1.8122097378277155,1.764,1.764,0.08,0.08,0.08,24689.79883333333,24689.79883333333,24689.79883333333,20460.290166666666,20460.290166666666,20460.290166666666,1769.4,1670.1666666666667,1670.1666666666667,218521.7391304348,222295.3483648182,222295.3483648182,102.97712222222223,102.31804444444444,102.31804444444444,21640.84,21603.628571428573,21603.628571428573,3.7625,3.4450000000000003,3.4450000000000003,-216589.75205605,118698.85824166,118698.85824166,150685.33333333334,149870.0,149870.0,118.15371428571429,117.724,117.724,1848.3333333333333,1889.6,1889.6,21318.342857142856,21169.225,21169.225,252.761,245.7436,245.7436,579341.6666666666,575542.5555555555,575542.5555555555,4462.5148,4573.8155,4573.8155,129827.5,129141.0,129141.0,0.4989473684210526,0.7835,0.7835,0.33,0.15,0.15,78.80043333333334,78.10397777777777,78.10397777777777,0.113076923076923,0.113076923076923,0.113076923076923,62.8,67.2,67.2,3.8,4.0,4.0,1.72,1.72,1.72,24.8392,23.181,23.181,44.5623,46.52,46.52,48.5923,67.93425833333333
2022-04-01,4.66,-86458.375,2381428.5,31.912,0.142,62.2,288.655,301.6534615384615,101.6604761904762,267673.6666666667,2.389965729952022,0.33,25266.6454,20580.76,1794.0,198956.52173913043,104.3582222222222,21690.041666666668,4.9825,308215.06052679,151466.83333333334,119.499,1820.2,21529.075,265.1912,591481.25,4431.368148148148,130449.83333333331,0.1966666666666666,0.76,80.19316666666666,0.113076923076923,65.2,3.65,1.72,23.143703703703704,57.5728,4.29,3.58,3.58,-105952.14285714286,-87746.75,-87746.75,2354828.875,2257275.090909091,2257275.090909091,31.794,31.602,31.602,0.3155,0.238095238095238,0.238095238095238,62.35,62.2,62.2,287.55,282.366,282.366,295.00225,281.98272000000003,281.98272000000003,108.50260869565216,83.22200000000001,83.22200000000001,269101.8571428572,274613.14285714284,274613.14285714284,1.729493927125506,1.764,1.764,0.2,0.08,0.08,24689.79883333333,24689.79883333333,24689.79883333333,20460.290166666666,20460.290166666666,20460.290166666666,1725.6,1670.1666666666667,1670.1666666666667,206913.0434782609,222295.3483648182,222295.3483648182,103.65833333333332,102.31804444444444,102.31804444444444,21727.195652173912,21603.628571428573,21603.628571428573,4.172,3.4450000000000003,3.4450000000000003,-192682.38665693,118698.85824166,118698.85824166,151134.5,149870.0,149870.0,118.889,117.724,117.724,1875.0,1889.6,1889.6,21453.83333333333,21169.225,21169.225,259.6368,245.7436,245.7436,587001.6666666666,575542.5555555555,575542.5555555555,4376.085714285714,4573.8155,4573.8155,130187.83333333331,129141.0,129141.0,0.2182608695652173,0.7835,0.7835,0.44,0.15,0.15,79.4996,78.10397777777777,78.10397777777777,0.113076923076923,0.113076923076923,0.113076923076923,59.4,67.2,67.2,3.65,4.0,4.0,1.72,1.72,1.72,28.102857142857143,23.181,23.181,54.6946,46.52,46.52,52.27656666666667,67.93425833333333
2022-05-01,5.12,-85122.0,2424120.777777778,32.034,-0.2711111111111111,62.3,291.35,306.48067857142854,109.55772727272728,269118.3333333333,2.8972727272727274,0.77,25266.6454,20580.76,1557.0,209500.0,104.22245555555556,21678.919047619045,5.23,-66222.56120958,151793.66666666666,119.89933333333332,1707.5,21645.82857142857,273.2582,589925.125,4040.36,130715.16666666669,0.2777272727272727,0.98,80.2321888888889,0.113076923076923,58.4,3.6,1.72,29.313636363636363,60.3634,4.66,3.97,3.58,-86458.375,-87934.875,-87746.75,2381428.5,2301279.4444444445,2257275.090909091,31.912,31.624,31.602,0.142,0.5442105263157895,0.238095238095238,62.2,62.25,62.2,288.655,284.463,282.366,301.6534615384615,287.22288888888886,281.98272000000003,101.6604761904762,91.64105263157894,83.22200000000001,267673.6666666667,270259.0,274613.14285714284,2.389965729952022,1.8122097378277155,1.764,0.33,0.08,0.08,25266.6454,24689.79883333333,24689.79883333333,20580.76,20460.290166666666,20460.290166666666,1794.0,1769.4,1670.1666666666667,198956.52173913043,218521.7391304348,222295.3483648182,104.3582222222222,102.97712222222223,102.31804444444444,21690.041666666668,21640.84,21603.628571428573,4.9825,3.7625,3.4450000000000003,308215.06052679,-216589.75205605,118698.85824166,151466.83333333334,150685.33333333334,149870.0,119.499,118.15371428571429,117.724,1820.2,1848.3333333333333,1889.6,21529.075,21318.342857142856,21169.225,265.1912,252.761,245.7436,591481.25,579341.6666666666,575542.5555555555,4431.368148148148,4462.5148,4573.8155,130449.83333333331,129827.5,129141.0,0.1966666666666666,0.4989473684210526,0.7835,0.76,0.33,0.15,80.19316666666666,78.80043333333334,78.10397777777777,0.113076923076923,0.113076923076923,0.113076923076923,65.2,62.8,67.2,3.65,3.8,4.0,1.72,1.72,1.72,23.143703703703704,24.8392,23.181,57.5728,44.5623,46.52,57.5436,67.93425833333333
2022-06-01,5.27,-80609.0,2457448.888888889,32.138,-0.2527777777777777,62.2,295.031,308.2903333333333,114.83714285714284,273739.5,2.946014084507042,1.21,25266.6454,20580.76,1567.2,221411.76470588235,103.7995,21647.195652173912,5.522,-88841.51292609,152167.33333333334,120.6056,1715.6,21770.8,280.6988,595140.25,3937.847307692308,131038.33333333331,0.1452380952380952,1.49,80.08841249999999,0.113076923076923,50.0,3.6,1.72,27.762222222222224,55.8139,5.12,4.29,3.58,-85122.0,-105952.14285714286,-87746.75,2424120.777777778,2354828.875,2257275.090909091,32.034,31.794,31.602,-0.2711111111111111,0.3155,0.238095238095238,62.3,62.35,62.2,291.35,287.55,282.366,306.48067857142854,295.00225,281.98272000000003,109.55772727272728,108.50260869565216,83.22200000000001,269118.3333333333,269101.8571428572,274613.14285714284,2.8972727272727274,1.729493927125506,1.764,0.77,0.2,0.08,25266.6454,24689.79883333333,24689.79883333333,20580.76,20460.290166666666,20460.290166666666,1557.0,1725.6,1670.1666666666667,209500.0,206913.0434782609,222295.3483648182,104.22245555555556,103.65833333333332,102.31804444444444,21678.919047619045,21727.195652173912,21603.628571428573,5.23,4.172,3.4450000000000003,-66222.56120958,-192682.38665693,118698.85824166,151793.66666666666,151134.5,149870.0,119.89933333333332,118.889,117.724,1707.5,1875.0,1889.6,21645.82857142857,21453.83333333333,21169.225,273.2582,259.6368,245.7436,589925.125,587001.6666666666,575542.5555555555,4040.36,4376.085714285714,4573.8155,130715.16666666669,130187.83333333331,129141.0,0.2777272727272727,0.2182608695652173,0.7835,0.98,0.44,0.15,80.2321888888889,79.4996,78.10397777777777,0.113076923076923,0.113076923076923,0.113076923076923,58.4,59.4,67.2,3.6,3.65,4.0,1.72,1.72,1.72,29.313636363636363,28.102857142857143,23.181,60.3634,54.6946,46.52,57.91669999999999,67.93425833333333
2022-07-01,5.21,-70638.57142857143,2470664.111111111,32.296,0.2307142857142857,62.1,294.954,307.10684000000003,101.619,274145.6666666667,2.8805169628432954,1.68,25870.568,20806.7416,1398.0,229800.0,104.28595,21666.415,5.4125,-211051.76005026,152745.33333333334,121.40157142857144,1686.2,21869.1875,272.11740000000003,592327.75,3889.329629629629,131549.16666666666,-0.1399999999999999,2.23,80.34893749999999,0.113076923076923,51.5,3.5,1.72,25.42142857142857,64.4306,5.27,4.66,3.58,-80609.0,-86458.375,-87746.75,2457448.888888889,2381428.5,2257275.090909091,32.138,31.912,31.602,-0.2527777777777777,0.142,0.238095238095238,62.2,62.2,62.2,295.031,288.655,282.366,308.2903333333333,301.6534615384615,281.98272000000003,114.83714285714284,101.6604761904762,83.22200000000001,273739.5,267673.6666666667,274613.14285714284,2.946014084507042,2.389965729952022,1.764,1.21,0.33,0.08,25266.6454,25266.6454,24689.79883333333,20580.76,20580.76,20460.290166666666,1567.2,1794.0,1670.1666666666667,221411.76470588235,198956.52173913043,222295.3483648182,103.7995,104.3582222222222,102.31804444444444,21647.195652173912,21690.041666666668,21603.628571428573,5.522,4.9825,3.4450000000000003,-88841.51292609,308215.06052679,118698.85824166,152167.33333333334,151466.83333333334,149870.0,120.6056,119.499,117.724,1715.6,1820.2,1889.6,21770.8,21529.075,21169.225,280.6988,265.1912,245.7436,595140.25,591481.25,575542.5555555555,3937.847307692308,4431.368148148148,4573.8155,131038.33333333331,130449.83333333331,129141.0,0.1452380952380952,0.1966666666666666,0.7835,1.49,0.76,0.15,80.08841249999999,80.19316666666666,78.10397777777777,0.113076923076923,0.113076923076923,0.113076923076923,50.0,65.2,67.2,3.6,3.65,4.0,1.72,1.72,1.72,27.762222222222224,23.143703703703704,23.181,55.8139,57.5728,46.52,60.202633333333324,67.93425833333333
2022-08-01,5.15,-66356.14285714286,2490545.111111111,32.41,0.16,62.35,295.32775,303.63884,93.66521739130437,274103.1666666667,2.608873056994818,2.33,25870.568,20806.7416,1534.8,227764.70588235292,104.20475,21640.324,5.2225,-219596.24094964,153021.66666666666,121.45683333333334,1551.2,21977.557142857146,269.4518,594430.0,4150.301034482758,131789.0,-0.3521739130434782,2.63,80.1754625,0.113076923076923,58.2,3.65,1.72,22.308275862068967,79.5294,5.21,5.12,3.97,-70638.57142857143,-85122.0,-87934.875,2470664.111111111,2424120.777777778,2301279.4444444445,32.296,32.034,31.624,0.2307142857142857,-0.2711111111111111,0.5442105263157895,62.1,62.3,62.25,294.954,291.35,284.463,307.10684000000003,306.48067857142854,287.22288888888886,101.619,109.55772727272728,91.64105263157894,274145.6666666667,269118.3333333333,270259.0,2.8805169628432954,2.8972727272727274,1.8122097378277155,1.68,0.77,0.08,25870.568,25266.6454,24689.79883333333,20806.7416,20580.76,20460.290166666666,1398.0,1557.0,1769.4,229800.0,209500.0,218521.7391304348,104.28595,104.22245555555556,102.97712222222223,21666.415,21678.919047619045,21640.84,5.4125,5.23,3.7625,-211051.76005026,-66222.56120958,-216589.75205605,152745.33333333334,151793.66666666666,150685.33333333334,121.40157142857144,119.89933333333332,118.15371428571429,1686.2,1707.5,1848.3333333333333,21869.1875,21645.82857142857,21318.342857142856,272.11740000000003,273.2582,252.761,592327.75,589925.125,579341.6666666666,3889.329629629629,4040.36,4462.5148,131549.16666666666,130715.16666666669,129827.5,-0.1399999999999999,0.2777272727272727,0.4989473684210526,2.23,0.98,0.33,80.34893749999999,80.2321888888889,78.80043333333334,0.113076923076923,0.113076923076923,0.113076923076923,51.5,58.4,62.8,3.5,3.6,3.8,1.72,1.72,1.72,25.42142857142857,29.313636363636363,24.8392,64.4306,60.3634,44.5623,66.5913,67.93425833333333
2022-09-01,5.69,-72767.0,2495172.111111111,32.514,0.0769230769230769,62.3,296.51550000000003,300.45732,84.25809523809524,274397.6666666667,3.271428571428571,2.56,25870.568,20806.7416,1465.0,200684.2105263158,104.4745125,21516.91578947368,5.677519379844961,-429673.47896184,153299.5,121.4162,1598.25,22087.83333333333,268.39140000000003,593085.75,3872.8915384615375,132021.0,-0.3376190476190476,3.13,80.2752,0.113076923076923,58.6,3.5,1.72,27.011851851851848,81.2343,5.15,5.27,4.29,-66356.14285714286,-80609.0,-105952.14285714286,2490545.111111111,2457448.888888889,2354828.875,32.41,32.138,31.794,0.16,-0.2527777777777777,0.3155,62.35,62.2,62.35,295.32775,295.031,287.55,303.63884,308.2903333333333,295.00225,93.66521739130437,114.83714285714284,108.50260869565216,274103.1666666667,273739.5,269101.8571428572,2.608873056994818,2.946014084507042,1.729493927125506,2.33,1.21,0.2,25870.568,25266.6454,24689.79883333333,20806.7416,20580.76,20460.290166666666,1534.8,1567.2,1725.6,227764.70588235292,221411.76470588235,206913.0434782609,104.20475,103.7995,103.65833333333332,21640.324,21647.195652173912,21727.195652173912,5.2225,5.522,4.172,-219596.24094964,-88841.51292609,-192682.38665693,153021.66666666666,152167.33333333334,151134.5,121.45683333333334,120.6056,118.889,1551.2,1715.6,1875.0,21977.557142857146,21770.8,21453.83333333333,269.4518,280.6988,259.6368,594430.0,595140.25,587001.6666666666,4150.301034482758,3937.847307692308,4376.085714285714,131789.0,131038.33333333331,130187.83333333331,-0.3521739130434782,0.1452380952380952,0.2182608695652173,2.63,1.49,0.44,80.1754625,80.08841249999999,79.4996,0.113076923076923,0.113076923076923,0.113076923076923,58.2,50.0,59.4,3.65,3.6,3.65,1.72,1.72,1.72,22.308275862068967,27.762222222222224,28.102857142857143,79.5294,55.8139,54.6946,75.06476666666667,67.93425833333333
2022-10-01,6.26,-77349.16666666667,2500983.888888889,32.636,-0.06125,62.23333333333333,297.97275,298.7082608695652,87.5547619047619,277608.5,3.9835,3.08,26311.6176,20961.5034,1431.4,207024.5490981964,104.18375,21434.5,6.9,-87797.83631139,153612.16666666666,122.695,1543.6,22238.325,265.116,599901.75,3726.050952380953,132284.16666666666,-0.3915,3.72,80.16535,0.113076923076923,59.9,3.65,1.72,30.005714285714287,92.3174,5.69,5.21,4.66,-72767.0,-70638.57142857143,-86458.375,2495172.111111111,2470664.111111111,2381428.5,32.514,32.296,31.912,0.0769230769230769,0.2307142857142857,0.142,62.3,62.1,62.2,296.51550000000003,294.954,288.655,300.45732,307.10684000000003,301.6534615384615,84.25809523809524,101.619,101.6604761904762,274397.6666666667,274145.6666666667,267673.6666666667,3.271428571428571,2.8805169628432954,2.389965729952022,2.56,1.68,0.33,25870.568,25870.568,25266.6454,20806.7416,20806.7416,20580.76,1465.0,1398.0,1794.0,200684.2105263158,229800.0,198956.52173913043,104.4745125,104.28595,104.3582222222222,21516.91578947368,21666.415,21690.041666666668,5.677519379844961,5.4125,4.9825,-429673.47896184,-211051.76005026,308215.06052679,153299.5,152745.33333333334,151466.83333333334,121.4162,121.40157142857144,119.499,1598.25,1686.2,1820.2,22087.83333333333,21869.1875,21529.075,268.39140000000003,272.11740000000003,265.1912,593085.75,592327.75,591481.25,3872.8915384615375,3889.329629629629,4431.368148148148,132021.0,131549.16666666666,130449.83333333331,-0.3376190476190476,-0.1399999999999999,0.1966666666666666,3.13,2.23,0.76,80.2752,80.34893749999999,80.19316666666666,0.113076923076923,0.113076923076923,0.113076923076923,58.6,51.5,65.2,3.5,3.5,3.65,1.72,1.72,1.72,27.011851851851848,25.42142857142857,23.143703703703704,81.2343,64.4306,57.5728,84.36036666666668,67.93425833333333
2022-11-01,6.07,-61910.2,2507036.4444444445,32.804,-0.561875,62.13333333333333,298.57575,296.88466666666665,84.37047619047618,271165.1666666667,4.064483821263483,3.78,26311.6176,20961.5034,1418.8,219352.9411764706,103.5962125,21387.371428571427,6.805,-248534.88065258003,153945.8,122.59633333333332,1382.8,22318.457142857143,263.2174,591840.375,3903.846666666667,132572.4,-0.6125,4.15,79.8249,0.113076923076923,56.75,3.65,1.72,23.83714285714285,93.8603,6.26,5.15,5.12,-77349.16666666667,-66356.14285714286,-85122.0,2500983.888888889,2490545.111111111,2424120.777777778,32.636,32.41,32.034,-0.06125,0.16,-0.2711111111111111,62.23333333333333,62.35,62.3,297.97275,295.32775,291.35,298.7082608695652,303.63884,306.48067857142854,87.5547619047619,93.66521739130437,109.55772727272728,277608.5,274103.1666666667,269118.3333333333,3.9835,2.608873056994818,2.8972727272727274,3.08,2.33,0.77,26311.6176,25870.568,25266.6454,20961.5034,20806.7416,20580.76,1431.4,1534.8,1557.0,207024.5490981964,227764.70588235292,209500.0,104.18375,104.20475,104.22245555555556,21434.5,21640.324,21678.919047619045,6.9,5.2225,5.23,-87797.83631139,-219596.24094964,-66222.56120958,153612.16666666666,153021.66666666666,151793.66666666666,122.695,121.45683333333334,119.89933333333332,1543.6,1551.2,1707.5,22238.325,21977.557142857146,21645.82857142857,265.116,269.4518,273.2582,599901.75,594430.0,589925.125,3726.050952380953,4150.301034482758,4040.36,132284.16666666666,131789.0,130715.16666666669,-0.3915,-0.3521739130434782,0.2777272727272727,3.72,2.63,0.98,80.16535,80.1754625,80.2321888888889,0.113076923076923,0.113076923076923,0.113076923076923,59.9,58.2,58.4,3.65,3.65,3.6,1.72,1.72,1.72,30.005714285714287,22.308275862068967,29.313636363636363,92.3174,79.5294,60.3634,89.13733333333334,67.93425833333333
2022-12-01,5.59,-69194.25,2514141.4444444445,32.914,-0.4785714285714286,62.3,298.68050000000005,294.3520833333333,76.57954545454545,284084.0,3.532784615384615,4.1,26311.6176,20961.5034,1359.6,212541.66666666663,102.07445,21305.561904761904,6.48491935483871,-85000.73657788,154292.2,122.365,1378.6,22402.416666666668,257.957,584753.875,3943.9557692307694,132864.4,-0.6723809523809524,4.25,78.756325,0.113076923076923,59.75,3.5,1.72,21.41038461538461,84.3121,6.07,5.69,5.27,-61910.2,-72767.0,-80609.0,2507036.4444444445,2495172.111111111,2457448.888888889,32.804,32.514,32.138,-0.561875,0.0769230769230769,-0.2527777777777777,62.13333333333333,62.3,62.2,298.57575,296.51550000000003,295.031,296.88466666666665,300.45732,308.2903333333333,84.37047619047618,84.25809523809524,114.83714285714284,271165.1666666667,274397.6666666667,273739.5,4.064483821263483,3.271428571428571,2.946014084507042,3.78,2.56,1.21,26311.6176,25870.568,25266.6454,20961.5034,20806.7416,20580.76,1418.8,1465.0,1567.2,219352.9411764706,200684.2105263158,221411.76470588235,103.5962125,104.4745125,103.7995,21387.371428571427,21516.91578947368,21647.195652173912,6.805,5.677519379844961,5.522,-248534.88065258003,-429673.47896184,-88841.51292609,153945.8,153299.5,152167.33333333334,122.59633333333332,121.4162,120.6056,1382.8,1598.25,1715.6,22318.457142857143,22087.83333333333,21770.8,263.2174,268.39140000000003,280.6988,591840.375,593085.75,595140.25,3903.846666666667,3872.8915384615375,3937.847307692308,132572.4,132021.0,131038.33333333331,-0.6125,-0.3376190476190476,0.1452380952380952,4.15,3.13,1.49,79.8249,80.2752,80.08841249999999,0.113076923076923,0.113076923076923,0.113076923076923,56.75,58.6,50.0,3.65,3.5,3.6,1.72,1.72,1.72,23.83714285714285,27.011851851851848,27.762222222222224,93.8603,81.2343,55.8139,90.16326666666667,67.93425833333333
2023-01-01,5.5,-69769.0,2515411.375,33.036,0.4584615384615385,62.4,300.44933333333336,292.7729047619047,78.123,274316.5,3.5315,4.33,26691.9772,21056.1682,1333.0,198937.5,102.5430125,21213.38695652174,6.2725,-38783.77183922,154934.4,123.91914285714286,1371.25,22563.22857142857,260.0784,603040.25,3960.6565,133439.4,-0.6759999999999999,4.54,79.2122375,0.113076923076923,64.9,3.45,1.72,20.16904761904762,83.4808,5.59,6.26,5.21,-69194.25,-77349.16666666667,-70638.57142857143,2514141.4444444445,2500983.888888889,2470664.111111111,32.914,32.636,32.296,-0.4785714285714286,-0.06125,0.2307142857142857,62.3,62.23333333333333,62.1,298.68050000000005,297.97275,294.954,294.3520833333333,298.7082608695652,307.10684000000003,76.57954545454545,87.5547619047619,101.619,284084.0,277608.5,274145.6666666667,3.532784615384615,3.9835,2.8805169628432954,4.1,3.08,1.68,26311.6176,26311.6176,25870.568,20961.5034,20961.5034,20806.7416,1359.6,1431.4,1398.0,212541.66666666663,207024.5490981964,229800.0,102.07445,104.18375,104.28595,21305.561904761904,21434.5,21666.415,6.48491935483871,6.9,5.4125,-85000.73657788,-87797.83631139,-211051.76005026,154292.2,153612.16666666666,152745.33333333334,122.365,122.695,121.40157142857144,1378.6,1543.6,1686.2,22402.416666666668,22238.325,21869.1875,257.957,265.116,272.11740000000003,584753.875,599901.75,592327.75,3943.9557692307694,3726.050952380953,3889.329629629629,132864.4,132284.16666666666,131549.16666666666,-0.6723809523809524,-0.3915,-0.1399999999999999,4.25,3.72,2.23,78.756325,80.16535,80.34893749999999,0.113076923076923,0.113076923076923,0.113076923076923,59.75,59.9,51.5,3.5,3.65,3.5,1.72,1.72,1.72,21.41038461538461,30.005714285714287,25.42142857142857,84.3121,92.3174,64.4306,87.21773333333333,71.014325
2023-02-01,5.59,-70385.0,2516111.6666666665,33.1275,-0.3429999999999999,62.5,301.5443333333333,293.47200000000004,76.83263157894737,269558.6666666667,3.4000000000000004,4.57,26691.9772,21056.1682,1430.5,208333.3333333333,102.529175,21114.75,6.2575,-262433.84319423,155216.8,123.961,1534.4,22657.016666666663,258.637,600119.875,4083.204,133703.6,-0.7868421052631579,4.65,79.294425,0.113076923076923,66.95,3.6,1.72,19.6704,73.2413,5.5,6.07,5.15,-69769.0,-61910.2,-66356.14285714286,2515411.375,2507036.4444444445,2490545.111111111,33.036,32.804,32.41,0.4584615384615385,-0.561875,0.16,62.4,62.13333333333333,62.35,300.44933333333336,298.57575,295.32775,292.7729047619047,296.88466666666665,303.63884,78.123,84.37047619047618,93.66521739130437,274316.5,271165.1666666667,274103.1666666667,3.5315,4.064483821263483,2.608873056994818,4.33,3.78,2.33,26691.9772,26311.6176,25870.568,21056.1682,20961.5034,20806.7416,1333.0,1418.8,1534.8,198937.5,219352.9411764706,227764.70588235292,102.5430125,103.5962125,104.20475,21213.38695652174,21387.371428571427,21640.324,6.2725,6.805,5.2225,-38783.77183922,-248534.88065258003,-219596.24094964,154934.4,153945.8,153021.66666666666,123.91914285714286,122.59633333333332,121.45683333333334,1371.25,1382.8,1551.2,22563.22857142857,22318.457142857143,21977.557142857146,260.0784,263.2174,269.4518,603040.25,591840.375,594430.0,3960.6565,3903.846666666667,4150.301034482758,133439.4,132572.4,131789.0,-0.6759999999999999,-0.6125,-0.3521739130434782,4.54,4.15,2.63,79.2122375,79.8249,80.1754625,0.113076923076923,0.113076923076923,0.113076923076923,64.9,56.75,58.2,3.45,3.65,3.65,1.72,1.72,1.72,20.16904761904762,23.83714285714285,22.308275862068967,83.4808,93.8603,79.5294,80.34473333333334,73.40424166666666
2023-03-01,5.71,-60829.833333333336,2521896.4,33.2425,-0.47375,62.6,301.7316666666667,297.36045454545456,73.27782608695652,278597.0,3.9971704180064314,4.65,26691.9772,21056.1682,1378.25,223235.29411764705,102.71511428571428,20873.87,6.544,-378076.31647174,155367.6,123.6486,1439.0,22748.68,257.0742,592222.5,3966.015555555556,133872.8,-0.6395652173913043,4.69,79.52712857142858,0.113076923076923,62.0,3.5,1.72,21.486666666666665,77.0461,5.59,5.59,5.69,-70385.0,-69194.25,-72767.0,2516111.6666666665,2514141.4444444445,2495172.111111111,33.1275,32.914,32.514,-0.3429999999999999,-0.4785714285714286,0.0769230769230769,62.5,62.3,62.3,301.5443333333333,298.68050000000005,296.51550000000003,293.47200000000004,294.3520833333333,300.45732,76.83263157894737,76.57954545454545,84.25809523809524,269558.6666666667,284084.0,274397.6666666667,3.4000000000000004,3.532784615384615,3.271428571428571,4.57,4.1,2.56,26691.9772,26311.6176,25870.568,21056.1682,20961.5034,20806.7416,1430.5,1359.6,1465.0,208333.3333333333,212541.66666666663,200684.2105263158,102.529175,102.07445,104.4745125,21114.75,21305.561904761904,21516.91578947368,6.2575,6.48491935483871,5.677519379844961,-262433.84319423,-85000.73657788,-429673.47896184,155216.8,154292.2,153299.5,123.961,122.365,121.4162,1534.4,1378.6,1598.25,22657.016666666663,22402.416666666668,22087.83333333333,258.637,257.957,268.39140000000003,600119.875,584753.875,593085.75,4083.204,3943.9557692307694,3872.8915384615375,133703.6,132864.4,132021.0,-0.7868421052631579,-0.6723809523809524,-0.3376190476190476,4.65,4.25,3.13,79.294425,78.756325,80.2752,0.113076923076923,0.113076923076923,0.113076923076923,66.95,59.75,58.6,3.6,3.5,3.5,1.72,1.72,1.72,19.6704,21.41038461538461,27.011851851851848,73.2413,84.3121,81.2343,77.92273333333334,75.26686666666667
2023-04-01,5.53,-73167.42857142857,2530621.5,33.378,0.086875,62.6,302.936,301.5128571428572,79.44631578947369,283830.8,3.46,4.83,27037.59625,21388.83075,1364.25,220429.61608775135,103.15998571428572,20713.4,6.342499999999999,176180.79034912,155599.8,124.52583333333334,1428.75,22778.614285714284,257.101,594201.0,4121.467368421053,134077.0,-0.5559999999999999,4.92,79.75764285714286,0.113076923076923,63.6,3.4,1.72,17.817894736842106,75.9664,5.71,5.5,6.26,-60829.833333333336,-69769.0,-77349.16666666667,2521896.4,2515411.375,2500983.888888889,33.2425,33.036,32.636,-0.47375,0.4584615384615385,-0.06125,62.6,62.4,62.23333333333333,301.7316666666667,300.44933333333336,297.97275,297.36045454545456,292.7729047619047,298.7082608695652,73.27782608695652,78.123,87.5547619047619,278597.0,274316.5,277608.5,3.9971704180064314,3.5315,3.9835,4.65,4.33,3.08,26691.9772,26691.9772,26311.6176,21056.1682,21056.1682,20961.5034,1378.25,1333.0,1431.4,223235.29411764705,198937.5,207024.5490981964,102.71511428571428,102.5430125,104.18375,20873.87,21213.38695652174,21434.5,6.544,6.2725,6.9,-378076.31647174,-38783.77183922,-87797.83631139,155367.6,154934.4,153612.16666666666,123.6486,123.91914285714286,122.695,1439.0,1371.25,1543.6,22748.68,22563.22857142857,22238.325,257.0742,260.0784,265.116,592222.5,603040.25,599901.75,3966.015555555556,3960.6565,3726.050952380953,133872.8,133439.4,132284.16666666666,-0.6395652173913043,-0.6759999999999999,-0.3915,4.69,4.54,3.72,79.52712857142858,79.2122375,80.16535,0.113076923076923,0.113076923076923,0.113076923076923,62.0,64.9,59.9,3.5,3.45,3.65,1.72,1.72,1.72,21.486666666666665,20.16904761904762,30.005714285714287,77.0461,83.4808,92.3174,75.41793333333332,76.79966666666667
2023-05-01,5.77,-67079.85714285714,2529278.0,33.482,-0.1736363636363636,62.6,303.325,305.4199523809524,71.57818181818182,288318.6,3.589002770083102,5.06,27037.59625,21388.83075,1591.0,232461.53846153847,102.87112857142856,20819.77647058824,6.425,-240348.23965837,155894.2,124.2108,1500.0,22892.0,253.785,596282.2857142857,4150.191111111111,134356.2,-0.5581818181818181,5.14,79.42448571428571,0.113076923076923,59.1,3.65,1.72,17.358214285714286,82.4638,5.53,5.59,6.07,-73167.42857142857,-70385.0,-61910.2,2530621.5,2516111.6666666665,2507036.4444444445,33.378,33.1275,32.804,0.086875,-0.3429999999999999,-0.561875,62.6,62.5,62.13333333333333,302.936,301.5443333333333,298.57575,301.5128571428572,293.47200000000004,296.88466666666665,79.44631578947369,76.83263157894737,84.37047619047618,283830.8,269558.6666666667,271165.1666666667,3.46,3.4000000000000004,4.064483821263483,4.83,4.57,3.78,27037.59625,26691.9772,26311.6176,21388.83075,21056.1682,20961.5034,1364.25,1430.5,1418.8,220429.61608775135,208333.3333333333,219352.9411764706,103.15998571428572,102.529175,103.5962125,20713.4,21114.75,21387.371428571427,6.342499999999999,6.2575,6.805,176180.79034912,-262433.84319423,-248534.88065258003,155599.8,155216.8,153945.8,124.52583333333334,123.961,122.59633333333332,1428.75,1534.4,1382.8,22778.614285714284,22657.016666666663,22318.457142857143,257.101,258.637,263.2174,594201.0,600119.875,591840.375,4121.467368421053,4083.204,3903.846666666667,134077.0,133703.6,132572.4,-0.5559999999999999,-0.7868421052631579,-0.6125,4.92,4.65,4.15,79.75764285714286,79.294425,79.8249,0.113076923076923,0.113076923076923,0.113076923076923,63.6,66.95,56.75,3.4,3.6,3.65,1.72,1.72,1.72,17.817894736842106,19.6704,23.83714285714285,75.9664,73.2413,93.8603,78.4921,78.64136666666666
2023-06-01,5.75,-64178.16666666666,2526317.1666666665,33.642500000000005,-0.393,62.6,303.981,308.3639523809524,70.24809523809525,300428.2,3.6190625,5.08,27037.59625,21388.83075,1416.25,254625.0,102.2533,20833.546666666665,6.78651376146789,-227768.41253805,156066.4,123.752,1452.75,22978.9,253.872,597621.7142857143,4325.4764000000005,134494.0,-0.8914285714285713,5.16,78.8425857142857,0.113076923076923,64.30000000000001,3.6,1.72,14.256538461538462,90.1744,5.77,5.71,5.59,-67079.85714285714,-60829.833333333336,-69194.25,2529278.0,2521896.4,2514141.4444444445,33.482,33.2425,32.914,-0.1736363636363636,-0.47375,-0.4785714285714286,62.6,62.6,62.3,303.325,301.7316666666667,298.68050000000005,305.4199523809524,297.36045454545456,294.3520833333333,71.57818181818182,73.27782608695652,76.57954545454545,288318.6,278597.0,284084.0,3.589002770083102,3.9971704180064314,3.532784615384615,5.06,4.65,4.1,27037.59625,26691.9772,26311.6176,21388.83075,21056.1682,20961.5034,1591.0,1378.25,1359.6,232461.53846153847,223235.29411764705,212541.66666666663,102.87112857142856,102.71511428571428,102.07445,20819.77647058824,20873.87,21305.561904761904,6.425,6.544,6.48491935483871,-240348.23965837,-378076.31647174,-85000.73657788,155894.2,155367.6,154292.2,124.2108,123.6486,122.365,1500.0,1439.0,1378.6,22892.0,22748.68,22402.416666666668,253.785,257.0742,257.957,596282.2857142857,592222.5,584753.875,4150.191111111111,3966.015555555556,3943.9557692307694,134356.2,133872.8,132864.4,-0.5581818181818181,-0.6395652173913043,-0.6723809523809524,5.14,4.69,4.25,79.42448571428571,79.52712857142858,78.756325,0.113076923076923,0.113076923076923,0.113076923076923,59.1,62.0,59.75,3.65,3.5,3.5,1.72,1.72,1.72,17.358214285714286,21.486666666666665,21.41038461538461,82.4638,77.0461,84.3121,82.8682,81.50474166666666
2023-07-01,5.74,-64781.833333333336,2525015.5,33.77,0.1372727272727272,62.6,304.5303333333333,310.26005000000004,76.0695,285170.2,3.8995,5.12,27711.45775,22567.38925,1455.75,248056.85131195336,103.14614285714286,20814.14,6.84,-220782.0973536,156223.0,121.63383333333334,1462.0,23032.7,253.7388,599915.7142857143,4508.0755,134640.6,-0.929,5.25,79.43137142857144,0.113076923076923,71.55,3.5,1.72,13.932380952380951,95.1978,5.75,5.53,5.5,-64178.16666666666,-73167.42857142857,-69769.0,2526317.1666666665,2530621.5,2515411.375,33.642500000000005,33.378,33.036,-0.393,0.086875,0.4584615384615385,62.6,62.6,62.4,303.981,302.936,300.44933333333336,308.3639523809524,301.5128571428572,292.7729047619047,70.24809523809525,79.44631578947369,78.123,300428.2,283830.8,274316.5,3.6190625,3.46,3.5315,5.08,4.83,4.33,27037.59625,27037.59625,26691.9772,21388.83075,21388.83075,21056.1682,1416.25,1364.25,1333.0,254625.0,220429.61608775135,198937.5,102.2533,103.15998571428572,102.5430125,20833.546666666665,20713.4,21213.38695652174,6.78651376146789,6.342499999999999,6.2725,-227768.41253805,176180.79034912,-38783.77183922,156066.4,155599.8,154934.4,123.752,124.52583333333334,123.91914285714286,1452.75,1428.75,1371.25,22978.9,22778.614285714284,22563.22857142857,253.872,257.101,260.0784,597621.7142857143,594201.0,603040.25,4325.4764000000005,4121.467368421053,3960.6565,134494.0,134077.0,133439.4,-0.8914285714285713,-0.5559999999999999,-0.6759999999999999,5.16,4.92,4.54,78.8425857142857,79.75764285714286,79.2122375,0.113076923076923,0.113076923076923,0.113076923076923,64.30000000000001,63.6,64.9,3.6,3.4,3.45,1.72,1.72,1.72,14.256538461538462,17.817894736842106,20.16904761904762,90.1744,75.9664,83.4808,89.27866666666667,84.068675
2023-08-01,6.02,-58706.5,2534913.0,33.85,-0.1881818181818182,62.8,306.19800000000004,311.62541176470586,81.38608695652174,284542.4,4.058416149068322,5.33,27711.45775,22567.38925,1285.6666666666667,239769.2307692308,103.25205714285714,20777.68666666667,7.072,89255.57269373,156406.0,120.903,1549.25,23160.08333333333,257.682,604442.2857142857,4478.675,134792.6,-0.7339130434782608,5.3,79.41841428571429,0.113076923076923,69.45,3.75,1.72,15.510357142857144,102.5949,5.74,5.77,5.59,-64781.833333333336,-67079.85714285714,-70385.0,2525015.5,2529278.0,2516111.6666666665,33.77,33.482,33.1275,0.1372727272727272,-0.1736363636363636,-0.3429999999999999,62.6,62.6,62.5,304.5303333333333,303.325,301.5443333333333,310.26005000000004,305.4199523809524,293.47200000000004,76.0695,71.57818181818182,76.83263157894737,285170.2,288318.6,269558.6666666667,3.8995,3.589002770083102,3.4000000000000004,5.12,5.06,4.57,27711.45775,27037.59625,26691.9772,22567.38925,21388.83075,21056.1682,1455.75,1591.0,1430.5,248056.85131195336,232461.53846153847,208333.3333333333,103.14614285714286,102.87112857142856,102.529175,20814.14,20819.77647058824,21114.75,6.84,6.425,6.2575,-220782.0973536,-240348.23965837,-262433.84319423,156223.0,155894.2,155216.8,121.63383333333334,124.2108,123.961,1462.0,1500.0,1534.4,23032.7,22892.0,22657.016666666663,253.7388,253.785,258.637,599915.7142857143,596282.2857142857,600119.875,4508.0755,4150.191111111111,4083.204,134640.6,134356.2,133703.6,-0.929,-0.5581818181818181,-0.7868421052631579,5.25,5.14,4.65,79.43137142857144,79.42448571428571,79.294425,0.113076923076923,0.113076923076923,0.113076923076923,71.55,59.1,66.95,3.5,3.65,3.6,1.72,1.72,1.72,13.932380952380951,17.358214285714286,19.6704,95.1978,82.4638,73.2413,95.98903333333334,85.9908
2023-09-01,6.16,-61492.2,2542121.833333333,33.944,-0.022,62.75,307.38100000000003,312.4948823529412,89.425,295186.4,4.193311036789297,5.33,27711.45775,22567.38925,1355.75,214000.0,103.35184285714284,20722.67142857143,7.2,-170982.20087478,156677.2,121.33175,1481.5,23262.58,258.933,609185.5714285715,4426.8741666666665,135040.2,-0.643,5.32,79.40505714285715,0.113076923076923,67.85000000000001,3.8,1.72,14.84,107.7284,6.02,5.75,5.71,-58706.5,-64178.16666666666,-60829.833333333336,2534913.0,2526317.1666666665,2521896.4,33.85,33.642500000000005,33.2425,-0.1881818181818182,-0.393,-0.47375,62.8,62.6,62.6,306.19800000000004,303.981,301.7316666666667,311.62541176470586,308.3639523809524,297.36045454545456,81.38608695652174,70.24809523809525,73.27782608695652,284542.4,300428.2,278597.0,4.058416149068322,3.6190625,3.9971704180064314,5.33,5.08,4.65,27711.45775,27037.59625,26691.9772,22567.38925,21388.83075,21056.1682,1285.6666666666667,1416.25,1378.25,239769.2307692308,254625.0,223235.29411764705,103.25205714285714,102.2533,102.71511428571428,20777.68666666667,20833.546666666665,20873.87,7.072,6.78651376146789,6.544,89255.57269373,-227768.41253805,-378076.31647174,156406.0,156066.4,155367.6,120.903,123.752,123.6486,1549.25,1452.75,1439.0,23160.08333333333,22978.9,22748.68,257.682,253.872,257.0742,604442.2857142857,597621.7142857143,592222.5,4478.675,4325.4764000000005,3966.015555555556,134792.6,134494.0,133872.8,-0.7339130434782608,-0.8914285714285713,-0.6395652173913043,5.3,5.16,4.69,79.41841428571429,78.8425857142857,79.52712857142858,0.113076923076923,0.113076923076923,0.113076923076923,69.45,64.30000000000001,62.0,3.75,3.6,3.5,1.72,1.72,1.72,15.510357142857144,14.256538461538462,21.486666666666665,102.5949,90.1744,77.0461,101.84036666666667,88.19864166666666
2023-10-01,6.63,-64444.0,2537848.333333333,34.03,-0.6114285714285714,62.7,307.601,312.86818750000003,85.63952380952381,279670.6,4.798095238095239,5.33,28034.35575,22745.425,1368.0,209933.3333333333,102.52214285714284,20695.06,7.62,-66563.55112973,156801.2,121.34033333333332,1502.5,23287.971428571425,255.1702,606733.5714285715,4269.4009090909085,135179.8,-0.2695238095238095,5.34,78.68182857142857,0.113076923076923,63.8,3.8666666666666663,1.72,18.887727272727272,111.5208,6.16,5.74,5.53,-61492.2,-64781.833333333336,-73167.42857142857,2542121.833333333,2525015.5,2530621.5,33.944,33.77,33.378,-0.022,0.1372727272727272,0.086875,62.75,62.6,62.6,307.38100000000003,304.5303333333333,302.936,312.4948823529412,310.26005000000004,301.5128571428572,89.425,76.0695,79.44631578947369,295186.4,285170.2,283830.8,4.193311036789297,3.8995,3.46,5.33,5.12,4.83,27711.45775,27711.45775,27037.59625,22567.38925,22567.38925,21388.83075,1355.75,1455.75,1364.25,214000.0,248056.85131195336,220429.61608775135,103.35184285714284,103.14614285714286,103.15998571428572,20722.67142857143,20814.14,20713.4,7.2,6.84,6.342499999999999,-170982.20087478,-220782.0973536,176180.79034912,156677.2,156223.0,155599.8,121.33175,121.63383333333334,124.52583333333334,1481.5,1462.0,1428.75,23262.58,23032.7,22778.614285714284,258.933,253.7388,257.101,609185.5714285715,599915.7142857143,594201.0,4426.8741666666665,4508.0755,4121.467368421053,135040.2,134640.6,134077.0,-0.643,-0.929,-0.5559999999999999,5.32,5.25,4.92,79.40505714285715,79.43137142857144,79.75764285714286,0.113076923076923,0.113076923076923,0.113076923076923,67.85000000000001,71.55,63.6,3.8,3.5,3.4,1.72,1.72,1.72,14.84,13.932380952380951,17.817894736842106,107.7284,95.1978,75.9664,107.28136666666666,89.798925
2023-11-01,6.29,-63125.5,2534492.333333333,34.16,0.1858333333333333,62.79999999999999,308.00933333333336,312.1066875,77.685,296426.8,4.7513,5.33,28034.35575,22745.425,1526.75,219214.2857142857,102.78451428571428,20709.95,7.442,-314012.00228709,156944.5,121.2916,1476.0,23378.033333333336,253.0998,605325.2857142857,4417.331923076923,135296.5,-0.3795238095238095,5.27,78.80028571428572,0.113076923076923,61.3,3.7000000000000006,1.72,14.547037037037036,119.5402,6.63,6.02,5.77,-64444.0,-58706.5,-67079.85714285714,2537848.333333333,2534913.0,2529278.0,34.03,33.85,33.482,-0.6114285714285714,-0.1881818181818182,-0.1736363636363636,62.7,62.8,62.6,307.601,306.19800000000004,303.325,312.86818750000003,311.62541176470586,305.4199523809524,85.63952380952381,81.38608695652174,71.57818181818182,279670.6,284542.4,288318.6,4.798095238095239,4.058416149068322,3.589002770083102,5.33,5.33,5.06,28034.35575,27711.45775,27037.59625,22745.425,22567.38925,21388.83075,1368.0,1285.6666666666667,1591.0,209933.3333333333,239769.2307692308,232461.53846153847,102.52214285714284,103.25205714285714,102.87112857142856,20695.06,20777.68666666667,20819.77647058824,7.62,7.072,6.425,-66563.55112973,89255.57269373,-240348.23965837,156801.2,156406.0,155894.2,121.34033333333332,120.903,124.2108,1502.5,1549.25,1500.0,23287.971428571425,23160.08333333333,22892.0,255.1702,257.682,253.785,606733.5714285715,604442.2857142857,596282.2857142857,4269.4009090909085,4478.675,4150.191111111111,135179.8,134792.6,134356.2,-0.2695238095238095,-0.7339130434782608,-0.5581818181818181,5.34,5.3,5.14,78.68182857142857,79.41841428571429,79.42448571428571,0.113076923076923,0.113076923076923,0.113076923076923,63.8,69.45,59.1,3.8666666666666663,3.75,3.65,1.72,1.72,1.72,18.887727272727272,15.510357142857144,17.358214285714286,111.5208,102.5949,82.4638,112.9298,91.93891666666667
2023-12-01,5.64,-63761.333333333336,2544519.833333333,34.32,-0.1045454545454545,62.5,308.77566666666667,310.9237333333333,71.9,293483.0,4.204555984555984,5.33,28034.35575,22745.425,1539.0,209000.0,102.60477142857142,20760.35,6.815,-129365.41491979,157203.25,121.4805,1500.75,23470.44,249.7926,607505.1428571428,4669.98125,135520.75,-0.437,5.24,78.58237142857143,0.113076923076923,69.7,3.75,1.72,12.70375,115.7091,6.29,6.16,5.75,-63125.5,-61492.2,-64178.16666666666,2534492.333333333,2542121.833333333,2526317.1666666665,34.16,33.944,33.642500000000005,0.1858333333333333,-0.022,-0.393,62.79999999999999,62.75,62.6,308.00933333333336,307.38100000000003,303.981,312.1066875,312.4948823529412,308.3639523809524,77.685,89.425,70.24809523809525,296426.8,295186.4,300428.2,4.7513,4.193311036789297,3.6190625,5.33,5.33,5.08,28034.35575,27711.45775,27037.59625,22745.425,22567.38925,21388.83075,1526.75,1355.75,1416.25,219214.2857142857,214000.0,254625.0,102.78451428571428,103.35184285714284,102.2533,20709.95,20722.67142857143,20833.546666666665,7.442,7.2,6.78651376146789,-314012.00228709,-170982.20087478,-227768.41253805,156944.5,156677.2,156066.4,121.2916,121.33175,123.752,1476.0,1481.5,1452.75,23378.033333333336,23262.58,22978.9,253.0998,258.933,253.872,605325.2857142857,609185.5714285715,597621.7142857143,4417.331923076923,4426.8741666666665,4325.4764000000005,135296.5,135040.2,134494.0,-0.3795238095238095,-0.643,-0.8914285714285713,5.27,5.32,5.16,78.80028571428572,79.40505714285715,78.8425857142857,0.113076923076923,0.113076923076923,0.113076923076923,61.3,67.85000000000001,64.30000000000001,3.7000000000000006,3.8,3.6,1.72,1.72,1.72,14.547037037037036,14.84,14.256538461538462,119.5402,107.7284,90.1744,115.59003333333334,94.55533333333334
2024-01-01,5.68,-67026.66666666667,2541159.0,34.5125,-0.7277777777777777,62.5,309.7395,310.74992857142854,74.15238095238095,275578.0,4.058095238095238,5.33,28358.41725,22832.75225,1364.0,207600.0,101.90404285714284,20753.83333333333,6.6425,-21930.35633102,157460.5,121.95883333333332,1490.0,23705.666666666668,251.1654,601007.8571428572,4804.4914285714285,135745.0,-0.2647619047619048,5.22,77.87272857142857,0.113076923076923,79.0,3.7,1.72,13.388636363636364,120.7674,5.64,6.63,5.74,-63761.333333333336,-64444.0,-64781.833333333336,2544519.833333333,2537848.333333333,2525015.5,34.32,34.03,33.77,-0.1045454545454545,-0.6114285714285714,0.1372727272727272,62.5,62.7,62.6,308.77566666666667,307.601,304.5303333333333,310.9237333333333,312.86818750000003,310.26005000000004,71.9,85.63952380952381,76.0695,293483.0,279670.6,285170.2,4.204555984555984,4.798095238095239,3.8995,5.33,5.33,5.12,28034.35575,28034.35575,27711.45775,22745.425,22745.425,22567.38925,1539.0,1368.0,1455.75,209000.0,209933.3333333333,248056.85131195336,102.60477142857142,102.52214285714284,103.14614285714286,20760.35,20695.06,20814.14,6.815,7.62,6.84,-129365.41491979,-66563.55112973,-220782.0973536,157203.25,156801.2,156223.0,121.4805,121.34033333333332,121.63383333333334,1500.75,1502.5,1462.0,23470.44,23287.971428571425,23032.7,249.7926,255.1702,253.7388,607505.1428571428,606733.5714285715,599915.7142857143,4669.98125,4269.4009090909085,4508.0755,135520.75,135179.8,134640.6,-0.437,-0.2695238095238095,-0.929,5.24,5.34,5.25,78.58237142857143,78.68182857142857,79.43137142857144,0.113076923076923,0.113076923076923,0.113076923076923,69.7,63.8,71.55,3.75,3.8666666666666663,3.5,1.72,1.72,1.72,12.70375,18.887727272727272,13.932380952380951,115.7091,111.5208,95.1978,118.67223333333334,97.66255
2024-02-01,5.77,-69164.0,2548432.6666666665,34.556666666666665,0.2699999999999999,62.55,311.038,312.7053846153847,77.249,277535.0,3.9039195979899497,5.33,28358.41725,22832.75225,1538.6666666666667,211125.0,102.55467142857142,20785.344444444443,6.640579710144928,-296274.64807989,157676.25,122.3788,1532.0,23797.56,255.0282,605651.2857142857,4994.332916666666,135944.75,-0.3365,5.24,78.21701428571428,0.113076923076923,76.9,3.9,1.72,13.9644,166.7481,5.68,6.29,6.02,-67026.66666666667,-63125.5,-58706.5,2541159.0,2534492.333333333,2534913.0,34.5125,34.16,33.85,-0.7277777777777777,0.1858333333333333,-0.1881818181818182,62.5,62.79999999999999,62.8,309.7395,308.00933333333336,306.19800000000004,310.74992857142854,312.1066875,311.62541176470586,74.15238095238095,77.685,81.38608695652174,275578.0,296426.8,284542.4,4.058095238095238,4.7513,4.058416149068322,5.33,5.33,5.33,28358.41725,28034.35575,27711.45775,22832.75225,22745.425,22567.38925,1364.0,1526.75,1285.6666666666667,207600.0,219214.2857142857,239769.2307692308,101.90404285714284,102.78451428571428,103.25205714285714,20753.83333333333,20709.95,20777.68666666667,6.6425,7.442,7.072,-21930.35633102,-314012.00228709,89255.57269373,157460.5,156944.5,156406.0,121.95883333333332,121.2916,120.903,1490.0,1476.0,1549.25,23705.666666666668,23378.033333333336,23160.08333333333,251.1654,253.0998,257.682,601007.8571428572,605325.2857142857,604442.2857142857,4804.4914285714285,4417.331923076923,4478.675,135745.0,135296.5,134792.6,-0.2647619047619048,-0.3795238095238095,-0.7339130434782608,5.22,5.27,5.3,77.87272857142857,78.80028571428572,79.41841428571429,0.113076923076923,0.113076923076923,0.113076923076923,79.0,61.3,69.45,3.7,3.7000000000000006,3.75,1.72,1.72,1.72,13.388636363636364,14.547037037037036,15.510357142857144,120.7674,119.5402,102.5949,134.4082,105.45478333333334
2024-03-01,5.75,-68596.6,2536027.333333333,34.6825,-0.1222222222222222,62.7,312.1685,316.894,81.27799999999999,282684.0,4.192189349112426,5.33,28358.41725,22832.75225,1302.3333333333333,214000.0,102.5420285714286,20863.1,6.82,-236456.8239502,157966.75,122.806,1470.0,23951.5,255.0618,609251.0,5166.203913043479,136200.5,-0.3795,5.24,78.0609857142857,0.113076923076923,79.4,3.85,1.72,13.699130434782608,182.9825,5.77,5.64,6.16,-69164.0,-63761.333333333336,-61492.2,2548432.6666666665,2544519.833333333,2542121.833333333,34.556666666666665,34.32,33.944,0.2699999999999999,-0.1045454545454545,-0.022,62.55,62.5,62.75,311.038,308.77566666666667,307.38100000000003,312.7053846153847,310.9237333333333,312.4948823529412,77.249,71.9,89.425,277535.0,293483.0,295186.4,3.9039195979899497,4.204555984555984,4.193311036789297,5.33,5.33,5.33,28358.41725,28034.35575,27711.45775,22832.75225,22745.425,22567.38925,1538.6666666666667,1539.0,1355.75,211125.0,209000.0,214000.0,102.55467142857142,102.60477142857142,103.35184285714284,20785.344444444443,20760.35,20722.67142857143,6.640579710144928,6.815,7.2,-296274.64807989,-129365.41491979,-170982.20087478,157676.25,157203.25,156677.2,122.3788,121.4805,121.33175,1532.0,1500.75,1481.5,23797.56,23470.44,23262.58,255.0282,249.7926,258.933,605651.2857142857,607505.1428571428,609185.5714285715,4994.332916666666,4669.98125,4426.8741666666665,135944.75,135520.75,135040.2,-0.3365,-0.437,-0.643,5.24,5.24,5.32,78.21701428571428,78.58237142857143,79.40505714285715,0.113076923076923,0.113076923076923,0.113076923076923,76.9,69.7,67.85000000000001,3.9,3.75,3.8,1.72,1.72,1.72,13.9644,12.70375,14.84,166.7481,115.7091,107.7284,156.83266666666665,114.28281666666668
2024-04-01,6.0,-75212.83333333333,2543191.6666666665,34.75666666666667,-0.3445454545454545,62.7,313.11150000000004,320.8306363636364,85.34727272727274,283378.5,4.410701754385965,5.329999999999999,28766.068,23022.502666666667,1363.0,209666.66666666663,102.48272857142857,20885.38888888889,6.9925,209529.30662533,158101.5,123.1256,1440.0,24051.65,257.0242,606228.5,5136.803333333333,136334.0,-0.334090909090909,5.24,77.87604285714286,0.113076923076923,77.2,3.9,1.72,15.67703703703704,184.4232,5.75,5.68,6.63,-68596.6,-67026.66666666667,-64444.0,2536027.333333333,2541159.0,2537848.333333333,34.6825,34.5125,34.03,-0.1222222222222222,-0.7277777777777777,-0.6114285714285714,62.7,62.5,62.7,312.1685,309.7395,307.601,316.894,310.74992857142854,312.86818750000003,81.27799999999999,74.15238095238095,85.63952380952381,282684.0,275578.0,279670.6,4.192189349112426,4.058095238095238,4.798095238095239,5.33,5.33,5.33,28358.41725,28358.41725,28034.35575,22832.75225,22832.75225,22745.425,1302.3333333333333,1364.0,1368.0,214000.0,207600.0,209933.3333333333,102.5420285714286,101.90404285714284,102.52214285714284,20863.1,20753.83333333333,20695.06,6.82,6.6425,7.62,-236456.8239502,-21930.35633102,-66563.55112973,157966.75,157460.5,156801.2,122.806,121.95883333333332,121.34033333333332,1470.0,1490.0,1502.5,23951.5,23705.666666666668,23287.971428571425,255.0618,251.1654,255.1702,609251.0,601007.8571428572,606733.5714285715,5166.203913043479,4804.4914285714285,4269.4009090909085,136200.5,135745.0,135179.8,-0.3795,-0.2647619047619048,-0.2695238095238095,5.24,5.22,5.34,78.0609857142857,77.87272857142857,78.68182857142857,0.113076923076923,0.113076923076923,0.113076923076923,79.4,79.0,63.8,3.85,3.7,3.8666666666666663,1.72,1.72,1.72,13.699130434782608,13.388636363636364,18.887727272727272,182.9825,120.7674,111.5208,178.0512666666667,123.32088333333333
2024-05-01,5.95,-75817.83333333333,2555930.333333333,34.895,0.185,62.55,313.1825,323.7926,80.02454545454545,283027.5,4.6001834862385325,5.33,28766.068,23022.502666666667,1302.0,223000.0,103.1876,20969.418181818182,7.06,-347130.89369165,158308.25,123.1445,1392.5,24194.92,255.2198,607053.25,5201.866153846154,136531.5,-0.3743478260869565,5.25,78.27765714285715,0.113076923076923,69.1,4.0,1.72,13.404074074074074,215.4778,6.0,5.77,6.29,-75212.83333333333,-69164.0,-63125.5,2543191.6666666665,2548432.6666666665,2534492.333333333,34.75666666666667,34.556666666666665,34.16,-0.3445454545454545,0.2699999999999999,0.1858333333333333,62.7,62.55,62.79999999999999,313.11150000000004,311.038,308.00933333333336,320.8306363636364,312.7053846153847,312.1066875,85.34727272727274,77.249,77.685,283378.5,277535.0,296426.8,4.410701754385965,3.9039195979899497,4.7513,5.329999999999999,5.33,5.33,28766.068,28358.41725,28034.35575,23022.502666666667,22832.75225,22745.425,1363.0,1538.6666666666667,1526.75,209666.66666666663,211125.0,219214.2857142857,102.48272857142857,102.55467142857142,102.78451428571428,20885.38888888889,20785.344444444443,20709.95,6.9925,6.640579710144928,7.442,209529.30662533,-296274.64807989,-314012.00228709,158101.5,157676.25,156944.5,123.1256,122.3788,121.2916,1440.0,1532.0,1476.0,24051.65,23797.56,23378.033333333336,257.0242,255.0282,253.0998,606228.5,605651.2857142857,605325.2857142857,5136.803333333333,4994.332916666666,4417.331923076923,136334.0,135944.75,135296.5,-0.334090909090909,-0.3365,-0.3795238095238095,5.24,5.24,5.27,77.87604285714286,78.21701428571428,78.80028571428572,0.113076923076923,0.113076923076923,0.113076923076923,77.2,76.9,61.3,3.9,3.9,3.7000000000000006,1.72,1.72,1.72,15.67703703703704,13.9644,14.547037037037036,184.4232,166.7481,119.5402,194.2945,134.40538333333333
2024-06-01,5.82,-73605.6,2564036.6666666665,34.99666666666667,-0.1185714285714285,62.6,313.09,325.38366666666667,79.76736842105262,263948.0,4.3052631578947365,5.33,28766.068,23022.502666666667,1341.0,230783.3333333333,103.42988333333334,21046.7,6.9175,-65965.29247634,158427.5,123.26633333333332,1450.0,24313.35,255.7994,605992.75,5415.140526315789,136645.75,-0.4357142857142857,5.24,78.33296666666666,0.113076923076923,68.2,4.1,1.72,12.667,198.9399,5.95,5.75,5.64,-75817.83333333333,-68596.6,-63761.333333333336,2555930.333333333,2536027.333333333,2544519.833333333,34.895,34.6825,34.32,0.185,-0.1222222222222222,-0.1045454545454545,62.55,62.7,62.5,313.1825,312.1685,308.77566666666667,323.7926,316.894,310.9237333333333,80.02454545454545,81.27799999999999,71.9,283027.5,282684.0,293483.0,4.6001834862385325,4.192189349112426,4.204555984555984,5.33,5.33,5.33,28766.068,28358.41725,28034.35575,23022.502666666667,22832.75225,22745.425,1302.0,1302.3333333333333,1539.0,223000.0,214000.0,209000.0,103.1876,102.5420285714286,102.60477142857142,20969.418181818182,20863.1,20760.35,7.06,6.82,6.815,-347130.89369165,-236456.8239502,-129365.41491979,158308.25,157966.75,157203.25,123.1445,122.806,121.4805,1392.5,1470.0,1500.75,24194.92,23951.5,23470.44,255.2198,255.0618,249.7926,607053.25,609251.0,607505.1428571428,5201.866153846154,5166.203913043479,4669.98125,136531.5,136200.5,135520.75,-0.3743478260869565,-0.3795,-0.437,5.25,5.24,5.24,78.27765714285715,78.0609857142857,78.58237142857143,0.113076923076923,0.113076923076923,0.113076923076923,69.1,79.4,69.7,4.0,3.85,3.75,1.72,1.72,1.72,13.404074074074074,13.699130434782608,12.70375,215.4778,182.9825,115.7091,199.61363333333335,143.46917499999998
2024-07-01,5.84,-79294.2,2572661.333333333,35.07,-0.3228571428571428,62.7,313.54999999999995,325.6585,81.80045454545454,289526.25,4.420117647058824,5.33,29359.719666666668,23391.091666666667,1245.6666666666667,237545.45454545456,102.56201666666666,21065.1625,6.8475,-243741.08729743,158513.75,123.5292,1401.0,24617.11666666667,257.4384,613223.25,5526.353703703703,136716.75,-0.2472727272727272,5.2,77.60055,0.113076923076923,66.4,4.25,1.72,13.989285714285714,188.5395,5.82,6.0,5.68,-73605.6,-75212.83333333333,-67026.66666666667,2564036.6666666665,2543191.6666666665,2541159.0,34.99666666666667,34.75666666666667,34.5125,-0.1185714285714285,-0.3445454545454545,-0.7277777777777777,62.6,62.7,62.5,313.09,313.11150000000004,309.7395,325.38366666666667,320.8306363636364,310.74992857142854,79.76736842105262,85.34727272727274,74.15238095238095,263948.0,283378.5,275578.0,4.3052631578947365,4.410701754385965,4.058095238095238,5.33,5.329999999999999,5.33,28766.068,28766.068,28358.41725,23022.502666666667,23022.502666666667,22832.75225,1341.0,1363.0,1364.0,230783.3333333333,209666.66666666663,207600.0,103.42988333333334,102.48272857142857,101.90404285714284,21046.7,20885.38888888889,20753.83333333333,6.9175,6.9925,6.6425,-65965.29247634,209529.30662533,-21930.35633102,158427.5,158101.5,157460.5,123.26633333333332,123.1256,121.95883333333332,1450.0,1440.0,1490.0,24313.35,24051.65,23705.666666666668,255.7994,257.0242,251.1654,605992.75,606228.5,601007.8571428572,5415.140526315789,5136.803333333333,4804.4914285714285,136645.75,136334.0,135745.0,-0.4357142857142857,-0.334090909090909,-0.2647619047619048,5.24,5.24,5.22,78.33296666666666,77.87604285714286,77.87272857142857,0.113076923076923,0.113076923076923,0.113076923076923,68.2,77.2,79.0,4.1,3.9,3.7,1.72,1.72,1.72,12.667,15.67703703703704,13.388636363636364,198.9399,184.4232,120.7674,200.98573333333331,151.24765
2024-08-01,5.6,-70887.2,2580604.0,35.2225,-0.0083333333333333,62.7,314.126,325.1208571428571,76.68318181818182,288312.5,3.959176470588236,5.33,29359.719666666668,23391.091666666667,1365.3333333333333,230636.36363636365,103.03881666666666,21161.6875,6.70051282051282,-380080.4054345,158618.5,123.7045,1472.5,24785.16,255.4774,612715.5,5473.363076923077,136825.0,-0.0945454545454545,5.05,77.88033333333334,0.113076923076923,67.9,4.2,1.72,19.201153846153847,195.3936,5.84,5.95,5.77,-79294.2,-75817.83333333333,-69164.0,2572661.333333333,2555930.333333333,2548432.6666666665,35.07,34.895,34.556666666666665,-0.3228571428571428,0.185,0.2699999999999999,62.7,62.55,62.55,313.54999999999995,313.1825,311.038,325.6585,323.7926,312.7053846153847,81.80045454545454,80.02454545454545,77.249,289526.25,283027.5,277535.0,4.420117647058824,4.6001834862385325,3.9039195979899497,5.33,5.33,5.33,29359.719666666668,28766.068,28358.41725,23391.091666666667,23022.502666666667,22832.75225,1245.6666666666667,1302.0,1538.6666666666667,237545.45454545456,223000.0,211125.0,102.56201666666666,103.1876,102.55467142857142,21065.1625,20969.418181818182,20785.344444444443,6.8475,7.06,6.640579710144928,-243741.08729743,-347130.89369165,-296274.64807989,158513.75,158308.25,157676.25,123.5292,123.1445,122.3788,1401.0,1392.5,1532.0,24617.11666666667,24194.92,23797.56,257.4384,255.2198,255.0282,613223.25,607053.25,605651.2857142857,5526.353703703703,5201.866153846154,4994.332916666666,136716.75,136531.5,135944.75,-0.2472727272727272,-0.3743478260869565,-0.3365,5.2,5.25,5.24,77.60055,78.27765714285715,78.21701428571428,0.113076923076923,0.113076923076923,0.113076923076923,66.4,69.1,76.9,4.25,4.0,3.9,1.72,1.72,1.72,13.989285714285714,13.404074074074074,13.9644,188.5395,215.4778,166.7481,194.29099999999997,158.980875
2024-09-01,5.42,-84375.25,2582704.0,35.345,-0.258,62.70000000000001,314.7685,324.77816666666666,70.236,285246.0,3.7235,5.13,29359.719666666668,23391.091666666667,1354.0,224200.0,102.58323333333334,21240.82857142857,6.18,64263.00886774,158859.25,123.93333333333332,1426.5,24846.175,252.6638,616543.5,5621.2605,137044.75,0.101,4.72,77.44995,0.113076923076923,70.1,4.1,1.72,17.663333333333334,258.7742,5.6,5.82,5.75,-70887.2,-73605.6,-68596.6,2580604.0,2564036.6666666665,2536027.333333333,35.2225,34.99666666666667,34.6825,-0.0083333333333333,-0.1185714285714285,-0.1222222222222222,62.7,62.6,62.7,314.126,313.09,312.1685,325.1208571428571,325.38366666666667,316.894,76.68318181818182,79.76736842105262,81.27799999999999,288312.5,263948.0,282684.0,3.959176470588236,4.3052631578947365,4.192189349112426,5.33,5.33,5.33,29359.719666666668,28766.068,28358.41725,23391.091666666667,23022.502666666667,22832.75225,1365.3333333333333,1341.0,1302.3333333333333,230636.36363636365,230783.3333333333,214000.0,103.03881666666666,103.42988333333334,102.5420285714286,21161.6875,21046.7,20863.1,6.70051282051282,6.9175,6.82,-380080.4054345,-65965.29247634,-236456.8239502,158618.5,158427.5,157966.75,123.7045,123.26633333333332,122.806,1472.5,1450.0,1470.0,24785.16,24313.35,23951.5,255.4774,255.7994,255.0618,612715.5,605992.75,609251.0,5473.363076923077,5415.140526315789,5166.203913043479,136825.0,136645.75,136200.5,-0.0945454545454545,-0.4357142857142857,-0.3795,5.05,5.24,5.24,77.88033333333334,78.33296666666666,78.0609857142857,0.113076923076923,0.113076923076923,0.113076923076923,67.9,68.2,79.4,4.2,4.1,3.85,1.72,1.72,1.72,19.201153846153847,12.667,13.699130434782608,195.3936,198.9399,182.9825,214.23576666666668,171.568025
2024-10-01,5.63,-73832.75,2584242.333333333,35.47,-0.4866666666666666,62.55,315.509,324.1594,72.16434782608695,287580.3333333333,3.877192982456141,4.83,29714.697,23536.517,1322.3333333333333,238900.0,102.18013333333332,21323.18333333333,6.428,-257450.34319191,158873.0,124.244,1417.5,24967.340000000004,253.17925,619995.0,5779.938888888889,137106.75,0.1231818181818181,4.51,77.05516666666666,0.113076923076923,70.5,4.1,1.72,19.857037037037035,261.7001,5.42,5.84,6.0,-84375.25,-79294.2,-75212.83333333333,2582704.0,2572661.333333333,2543191.6666666665,35.345,35.07,34.75666666666667,-0.258,-0.3228571428571428,-0.3445454545454545,62.70000000000001,62.7,62.7,314.7685,313.54999999999995,313.11150000000004,324.77816666666666,325.6585,320.8306363636364,70.236,81.80045454545454,85.34727272727274,285246.0,289526.25,283378.5,3.7235,4.420117647058824,4.410701754385965,5.13,5.33,5.329999999999999,29359.719666666668,29359.719666666668,28766.068,23391.091666666667,23391.091666666667,23022.502666666667,1354.0,1245.6666666666667,1363.0,224200.0,237545.45454545456,209666.66666666663,102.58323333333334,102.56201666666666,102.48272857142857,21240.82857142857,21065.1625,20885.38888888889,6.18,6.8475,6.9925,64263.00886774,-243741.08729743,209529.30662533,158859.25,158513.75,158101.5,123.93333333333332,123.5292,123.1256,1426.5,1401.0,1440.0,24846.175,24617.11666666667,24051.65,252.6638,257.4384,257.0242,616543.5,613223.25,606228.5,5621.2605,5526.353703703703,5136.803333333333,137044.75,136716.75,136334.0,0.101,-0.2472727272727272,-0.334090909090909,4.72,5.2,5.24,77.44995,77.60055,77.87604285714286,0.113076923076923,0.113076923076923,0.113076923076923,70.1,66.4,77.2,4.1,4.25,3.9,1.72,1.72,1.72,17.663333333333334,13.989285714285714,15.67703703703704,258.7742,188.5395,184.4232,238.62263333333337,184.0829666666667
2024-11-01,5.78,-78457.33333333333,2587121.0,35.60333333333333,-0.056,62.5,316.445,323.79375,69.987,283623.25,4.365344827586207,4.64,29714.697,23536.517,1296.0,217636.36363636365,102.03512,21454.08,6.805,-366763.06436807,159062.33333333334,124.3935,1499.0,25042.7,253.2384,625229.5,5903.683478260869,137282.33333333334,0.0984210526315789,4.42,76.85144,0.113076923076923,71.8,4.2,1.72,16.74833333333333,255.3308,5.63,5.6,5.95,-73832.75,-70887.2,-75817.83333333333,2584242.333333333,2580604.0,2555930.333333333,35.47,35.2225,34.895,-0.4866666666666666,-0.0083333333333333,0.185,62.55,62.7,62.55,315.509,314.126,313.1825,324.1594,325.1208571428571,323.7926,72.16434782608695,76.68318181818182,80.02454545454545,287580.3333333333,288312.5,283027.5,3.877192982456141,3.959176470588236,4.6001834862385325,4.83,5.33,5.33,29714.697,29359.719666666668,28766.068,23536.517,23391.091666666667,23022.502666666667,1322.3333333333333,1365.3333333333333,1302.0,238900.0,230636.36363636365,223000.0,102.18013333333332,103.03881666666666,103.1876,21323.18333333333,21161.6875,20969.418181818182,6.428,6.70051282051282,7.06,-257450.34319191,-380080.4054345,-347130.89369165,158873.0,158618.5,158308.25,124.244,123.7045,123.1445,1417.5,1472.5,1392.5,24967.340000000004,24785.16,24194.92,253.17925,255.4774,255.2198,619995.0,612715.5,607053.25,5779.938888888889,5473.363076923077,5201.866153846154,137106.75,136825.0,136531.5,0.1231818181818181,-0.0945454545454545,-0.3743478260869565,4.51,5.05,5.25,77.05516666666666,77.88033333333334,78.27765714285715,0.113076923076923,0.113076923076923,0.113076923076923,70.5,67.9,69.1,4.1,4.2,4.0,1.72,1.72,1.72,19.857037037037035,19.201153846153847,13.404074074074074,261.7001,195.3936,215.4778,258.6017,195.39885
2024-12-01,5.8,-98246.5,2581659.6666666665,35.69,0.26,62.5,317.644,323.3,70.11809523809524,276714.25,4.391428571428572,4.48,29714.697,23536.517,1513.3333333333333,222333.3333333333,103.11515,21515.775,6.715,-86731.61901329,159134.66666666666,124.737,1482.5,25124.9,253.4945,630148.75,6010.908571428571,137413.66666666666,0.1657142857142857,4.27,77.566625,0.113076923076923,74.0,4.1,1.72,15.866190476190477,222.9874,5.78,5.42,5.82,-78457.33333333333,-84375.25,-73605.6,2587121.0,2582704.0,2564036.6666666665,35.60333333333333,35.345,34.99666666666667,-0.056,-0.258,-0.1185714285714285,62.5,62.70000000000001,62.6,316.445,314.7685,313.09,323.79375,324.77816666666666,325.38366666666667,69.987,70.236,79.76736842105262,283623.25,285246.0,263948.0,4.365344827586207,3.7235,4.3052631578947365,4.64,5.13,5.33,29714.697,29359.719666666668,28766.068,23536.517,23391.091666666667,23022.502666666667,1296.0,1354.0,1341.0,217636.36363636365,224200.0,230783.3333333333,102.03512,102.58323333333334,103.42988333333334,21454.08,21240.82857142857,21046.7,6.805,6.18,6.9175,-366763.06436807,64263.00886774,-65965.29247634,159062.33333333334,158859.25,158427.5,124.3935,123.93333333333332,123.26633333333332,1499.0,1426.5,1450.0,25042.7,24846.175,24313.35,253.2384,252.6638,255.7994,625229.5,616543.5,605992.75,5903.683478260869,5621.2605,5415.140526315789,137282.33333333334,137044.75,136645.75,0.0984210526315789,0.101,-0.4357142857142857,4.42,4.72,5.24,76.85144,77.44995,78.33296666666666,0.113076923076923,0.113076923076923,0.113076923076923,71.8,70.1,68.2,4.2,4.1,4.1,1.72,1.72,1.72,16.74833333333333,17.663333333333334,12.667,255.3308,258.7742,198.9399,246.6727666666667,204.33870833333333
2025-01-01,6.08,-131017.0,2588529.5,35.849999999999994,-0.1233333333333333,62.6,319.086,323.57,75.74249999999999,286343.0,4.629047619047618,4.33,29977.632,23526.085000000003,1359.0,210666.66666666663,103.42926666666666,21571.83333333333,6.958,-128640.20667349,159063.0,125.19833333333334,1478.0,25275.033333333336,257.297,622762.0,5979.5155,137398.0,0.3571428571428571,4.21,77.70463333333335,0.113076923076923,71.7,4.0,1.72,16.763636363636365,299.0111,5.8,5.63,5.84,-98246.5,-73832.75,-79294.2,2581659.6666666665,2584242.333333333,2572661.333333333,35.69,35.47,35.07,0.26,-0.4866666666666666,-0.3228571428571428,62.5,62.55,62.7,317.644,315.509,313.54999999999995,323.3,324.1594,325.6585,70.11809523809524,72.16434782608695,81.80045454545454,276714.25,287580.3333333333,289526.25,4.391428571428572,3.877192982456141,4.420117647058824,4.48,4.83,5.33,29714.697,29714.697,29359.719666666668,23536.517,23536.517,23391.091666666667,1513.3333333333333,1322.3333333333333,1245.6666666666667,222333.3333333333,238900.0,237545.45454545456,103.11515,102.18013333333332,102.56201666666666,21515.775,21323.18333333333,21065.1625,6.715,6.428,6.8475,-86731.61901329,-257450.34319191,-243741.08729743,159134.66666666666,158873.0,158513.75,124.737,124.244,123.5292,1482.5,1417.5,1401.0,25124.9,24967.340000000004,24617.11666666667,253.4945,253.17925,257.4384,630148.75,619995.0,613223.25,6010.908571428571,5779.938888888889,5526.353703703703,137413.66666666666,137106.75,136716.75,0.1657142857142857,0.1231818181818181,-0.2472727272727272,4.27,4.51,5.2,77.566625,77.05516666666666,77.60055,0.113076923076923,0.113076923076923,0.113076923076923,74.0,70.5,66.4,4.1,4.1,4.25,1.72,1.72,1.72,15.866190476190477,19.857037037037035,13.989285714285714,222.9874,261.7001,188.5395,259.10976666666664,219.19235
2025-02-01,5.92,-122662.0,2589957.0,35.92,0.21,62.4,319.775,324.923,71.53315789473685,289296.6666666667,4.451052631578947,4.33,29977.632,23526.085000000003,1497.5,220954.54545454544,104.2132,21670.75,6.842499999999999,-307017.19469927,159194.0,125.694,1457.5,25431.2,259.7655,624080.0,6038.69,137500.0,0.2410526315789473,4.22,78.19295,0.113076923076923,64.7,4.1,1.72,16.968,249.7358,6.08,5.78,5.6,-131017.0,-78457.33333333333,-70887.2,2588529.5,2587121.0,2580604.0,35.849999999999994,35.60333333333333,35.2225,-0.1233333333333333,-0.056,-0.0083333333333333,62.6,62.5,62.7,319.086,316.445,314.126,323.57,323.79375,325.1208571428571,75.74249999999999,69.987,76.68318181818182,286343.0,283623.25,288312.5,4.629047619047618,4.365344827586207,3.959176470588236,4.33,4.64,5.33,29977.632,29714.697,29359.719666666668,23526.085000000003,23536.517,23391.091666666667,1359.0,1296.0,1365.3333333333333,210666.66666666663,217636.36363636365,230636.36363636365,103.42926666666666,102.03512,103.03881666666666,21571.83333333333,21454.08,21161.6875,6.958,6.805,6.70051282051282,-128640.20667349,-366763.06436807,-380080.4054345,159063.0,159062.33333333334,158618.5,125.19833333333334,124.3935,123.7045,1478.0,1499.0,1472.5,25275.033333333336,25042.7,24785.16,257.297,253.2384,255.4774,622762.0,625229.5,612715.5,5979.5155,5903.683478260869,5473.363076923077,137398.0,137282.33333333334,136825.0,0.3571428571428571,0.0984210526315789,-0.0945454545454545,4.21,4.42,5.05,77.70463333333335,76.85144,77.88033333333334,0.113076923076923,0.113076923076923,0.113076923076923,71.7,71.8,67.9,4.0,4.2,4.2,1.72,1.72,1.72,16.763636363636365,16.74833333333333,19.201153846153847,299.0111,255.3308,195.3936,257.24476666666664,226.10799166666666
2025-03-01,5.93,-122662.0,2589957.0,36.0,-0.03,62.5,319.615,324.923,68.23904761904762,315729.0,4.280476190476191,4.33,29977.632,23526.085000000003,1324.0,222428.57142857145,103.8892,21762.5,6.65,-160530.32149936,159398.0,125.732,1474.5,25537.8,258.837,631100.0,5683.983333333333,137698.0,0.3104761904761904,4.2,77.8491,0.113076923076923,57.0,4.2,1.72,21.841428571428573,200.9788,5.92,5.8,5.42,-122662.0,-98246.5,-84375.25,2589957.0,2581659.6666666665,2582704.0,35.92,35.69,35.345,0.21,0.26,-0.258,62.4,62.5,62.70000000000001,319.775,317.644,314.7685,324.923,323.3,324.77816666666666,71.53315789473685,70.11809523809524,70.236,289296.6666666667,276714.25,285246.0,4.451052631578947,4.391428571428572,3.7235,4.33,4.48,5.13,29977.632,29714.697,29359.719666666668,23526.085000000003,23536.517,23391.091666666667,1497.5,1513.3333333333333,1354.0,220954.54545454544,222333.3333333333,224200.0,104.2132,103.11515,102.58323333333334,21670.75,21515.775,21240.82857142857,6.842499999999999,6.715,6.18,-307017.19469927,-86731.61901329,64263.00886774,159194.0,159134.66666666666,158859.25,125.694,124.737,123.93333333333332,1457.5,1482.5,1426.5,25431.2,25124.9,24846.175,259.7655,253.4945,252.6638,624080.0,630148.75,616543.5,6038.69,6010.908571428571,5621.2605,137500.0,137413.66666666666,137044.75,0.2410526315789473,0.1657142857142857,0.101,4.22,4.27,4.72,78.19295,77.566625,77.44995,0.113076923076923,0.113076923076923,0.113076923076923,64.7,74.0,70.1,4.1,4.1,4.1,1.72,1.72,1.72,16.968,15.866190476190477,17.663333333333334,249.7358,222.9874,258.7742,249.90856666666664,227.6076833333333
2025-04-01,6.18,-122662.0,2589957.0,36.0,-0.03,62.5,319.615,324.923,63.8357894736842,315729.0,4.279047619047619,4.33,29977.632,23526.085000000003,1324.0,223428.57142857145,103.8892,21762.5,6.725,-160530.32149936,159398.0,125.732,1474.5,25537.8,258.837,631100.0,5369.495714285715,137698.0,0.5014285714285714,4.21,77.8491,0.113076923076923,57.0,4.2,1.72,31.966190476190476,223.1352,5.93,6.08,5.63,-122662.0,-131017.0,-73832.75,2589957.0,2588529.5,2584242.333333333,36.0,35.849999999999994,35.47,-0.03,-0.1233333333333333,-0.4866666666666666,62.5,62.6,62.55,319.615,319.086,315.509,324.923,323.57,324.1594,68.23904761904762,75.74249999999999,72.16434782608695,315729.0,286343.0,287580.3333333333,4.280476190476191,4.629047619047618,3.877192982456141,4.33,4.33,4.83,29977.632,29977.632,29714.697,23526.085000000003,23526.085000000003,23536.517,1324.0,1359.0,1322.3333333333333,222428.57142857145,210666.66666666663,238900.0,103.8892,103.42926666666666,102.18013333333332,21762.5,21571.83333333333,21323.18333333333,6.65,6.958,6.428,-160530.32149936,-128640.20667349,-257450.34319191,159398.0,159063.0,158873.0,125.732,125.19833333333334,124.244,1474.5,1478.0,1417.5,25537.8,25275.033333333336,24967.340000000004,258.837,257.297,253.17925,631100.0,622762.0,619995.0,5683.983333333333,5979.5155,5779.938888888889,137698.0,137398.0,137106.75,0.3104761904761904,0.3571428571428571,0.1231818181818181,4.2,4.21,4.51,77.8491,77.70463333333335,77.05516666666666,0.113076923076923,0.113076923076923,0.113076923076923,57.0,71.7,70.5,4.2,4.0,4.1,1.72,1.72,1.72,21.841428571428573,16.763636363636365,19.857037037037035,200.9788,299.0111,261.7001,224.61659999999998,230.8336833333333
2025-05-01,6.18,-122662.0,2589957.0,36.0,-0.03,62.5,319.615,324.923,63.8357894736842,315729.0,4.279047619047619,4.33,29977.632,23526.085000000003,1324.0,223428.57142857145,103.8892,21762.5,6.76,-160530.32149936,159398.0,125.732,1474.5,25537.8,258.837,631100.0,5604.14,137698.0,0.55,4.21,77.8491,0.113076923076923,57.0,4.2,1.72,24.6,304.25,6.18,5.92,5.78,-122662.0,-122662.0,-78457.33333333333,2589957.0,2589957.0,2587121.0,36.0,35.92,35.60333333333333,-0.03,0.21,-0.056,62.5,62.4,62.5,319.615,319.775,316.445,324.923,324.923,323.79375,63.8357894736842,71.53315789473685,69.987,315729.0,289296.6666666667,283623.25,4.279047619047619,4.451052631578947,4.365344827586207,4.33,4.33,4.64,29977.632,29977.632,29714.697,23526.085000000003,23526.085000000003,23536.517,1324.0,1497.5,1296.0,223428.57142857145,220954.54545454544,217636.36363636365,103.8892,104.2132,102.03512,21762.5,21670.75,21454.08,6.725,6.842499999999999,6.805,-160530.32149936,-307017.19469927,-366763.06436807,159398.0,159194.0,159062.33333333334,125.732,125.694,124.3935,1474.5,1457.5,1499.0,25537.8,25431.2,25042.7,258.837,259.7655,253.2384,631100.0,624080.0,625229.5,5369.495714285715,6038.69,5903.683478260869,137698.0,137500.0,137282.33333333334,0.5014285714285714,0.2410526315789473,0.0984210526315789,4.21,4.22,4.42,77.8491,78.19295,76.85144,0.113076923076923,0.113076923076923,0.113076923076923,57.0,64.7,71.8,4.2,4.1,4.2,1.72,1.72,1.72,31.966190476190476,16.968,16.74833333333333,223.1352,249.7358,255.3308,242.788,238.23136666666667
